{"cameraMode":{"drawMode":0,"name":"Shaded","section":"Shading Mode"},"sceneLighting":true,"audioPlay":false,"sceneViewState":{"m_AlwaysRefresh":false,"showFog":true,"showSkybox":true,"showFlares":true,"showImageEffects":true,"showParticleSystems":true,"showVisualEffectGraphs":true,"m_FxEnabled":true},"in2DMode":false,"pivot":{"x":56.6906852722168,"y":51.017784118652347,"z":-190.9034423828125},"rotation":{"x":0.022470641881227495,"y":0.04681839048862457,"z":-0.001160825020633638,"w":0.9988111257553101},"size":21.039602279663087,"orthographic":false}