{"cameraMode":{"drawMode":0,"name":"Shaded","section":"Shading Mode"},"sceneLighting":true,"audioPlay":false,"sceneViewState":{"m_AlwaysRefresh":false,"showFog":true,"showSkybox":true,"showFlares":true,"showImageEffects":true,"showParticleSystems":true,"showVisualEffectGraphs":true,"m_FxEnabled":true},"in2DMode":false,"pivot":{"x":-190.88478088378907,"y":18.404312133789064,"z":-444.9228210449219},"rotation":{"x":0.05002820864319801,"y":-0.35337600111961367,"z":0.018886690959334375,"w":0.9339839816093445},"size":3.638059377670288,"orthographic":false}