{"cameraMode":{"drawMode":0,"name":"Shaded","section":"Shading Mode"},"sceneLighting":true,"audioPlay":false,"sceneViewState":{"m_AlwaysRefresh":false,"showFog":true,"showSkybox":true,"showFlares":true,"showImageEffects":true,"showParticleSystems":true,"showVisualEffectGraphs":true,"m_FxEnabled":true},"in2DMode":false,"pivot":{"x":43.325191497802737,"y":3.789984703063965,"z":-11.617290496826172},"rotation":{"x":-0.013478314504027367,"y":-0.9631574749946594,"z":0.049163445830345157,"w":-0.26407572627067568},"size":33.63325500488281,"orthographic":false}